{
  "downdog": {
    "ang_elbow_max": {
      "mean": 166.01095499794863,
      "std": 13.873495162162012,
      "p10": 146.98844299316406,
      "p90": 178.5611541748047,
      "n": 169
    },
    "ang_elbow_min": {
      "mean": 149.3119625011524,
      "std": 24.30421681893681,
      "p10": 120.08164825439454,
      "p90": 171.2528289794922,
      "n": 143
    },
    "ang_shoulder_max": {
      "mean": 143.9303948702131,
      "std": 44.97346361270679,
      "p10": 64.24850006103516,
      "p90": 176.86714782714844,
      "n": 175
    },
    "ang_shoulder_min": {
      "mean": 128.640013858972,
      "std": 47.02527775728753,
      "p10": 51.63349914550781,
      "p90": 169.8622283935547,
      "n": 151
    },
    "ang_hip_max": {
      "mean": 116.70065286771847,
      "std": 42.56555301766105,
      "p10": 57.61560363769531,
      "p90": 171.28542175292972,
      "n": 183
    },
    "ang_hip_min": {
      "mean": 100.13313194286604,
      "std": 43.702758550496824,
      "p10": 33.02778015136718,
      "p90": 154.1185546875,
      "n": 163
    },
    "ang_knee_max": {
      "mean": 136.59646849558143,
      "std": 40.298895809642964,
      "p10": 73.91119689941408,
      "p90": 176.40195922851564,
      "n": 193
    },
    "ang_knee_min": {
      "mean": 114.90237290537036,
      "std": 51.682956607392995,
      "p10": 34.72368850708009,
      "p90": 169.9517364501953,
      "n": 185
    },
    "norm_shoulder_width": {
      "mean": 0.44381123781204224,
      "std": 0.7796565890312195,
      "p10": 0.08058913052082062,
      "p90": 0.789059579372406,
      "n": 163
    },
    "spine_angle": {
      "mean": 69.13275146484375,
      "std": 88.62504577636719,
      "p10": -86.71553802490234,
      "p90": 154.5124053955078,
      "n": 163
    },
    "bone_ratio": {
      "mean": 0.5588575005531311,
      "std": 0.26508525013923645,
      "p10": 0.23565265536308289,
      "p90": 0.8414549231529236,
      "n": 154
    }
  },
  "goddess": {
    "ang_elbow_max": {
      "mean": 121.98634231922239,
      "std": 40.58858350895477,
      "p10": 59.204248046875,
      "p90": 173.3468460083008,
      "n": 172
    },
    "ang_elbow_min": {
      "mean": 105.11776825628783,
      "std": 46.59187854999293,
      "p10": 32.10464096069336,
      "p90": 163.03329467773438,
      "n": 171
    },
    "ang_shoulder_max": {
      "mean": 79.87358303125515,
      "std": 48.34353041650024,
      "p10": 17.835094261169434,
      "p90": 152.7742095947266,
      "n": 172
    },
    "ang_shoulder_min": {
      "mean": 69.61900980204169,
      "std": 47.57822503159616,
      "p10": 12.252869606018066,
      "p90": 132.595703125,
      "n": 171
    },
    "ang_hip_max": {
      "mean": 123.45458814076015,
      "std": 23.506845277216705,
      "p10": 101.04844436645507,
      "p90": 155.73108062744143,
      "n": 168
    },
    "ang_hip_min": {
      "mean": 111.34451727952786,
      "std": 22.187677891800195,
      "p10": 88.94026031494141,
      "p90": 135.02591552734376,
      "n": 167
    },
    "ang_knee_max": {
      "mean": 132.23525588317486,
      "std": 26.304061160993523,
      "p10": 105.5130386352539,
      "p90": 162.91240539550785,
      "n": 159
    },
    "ang_knee_min": {
      "mean": 118.08336383481569,
      "std": 24.696791308441483,
      "p10": 94.0116340637207,
      "p90": 138.84440612792972,
      "n": 158
    },
    "norm_shoulder_width": {
      "mean": 0.7672395706176758,
      "std": 0.2904280722141266,
      "p10": 0.49970299005508423,
      "p90": 0.925902783870697,
      "n": 171
    },
    "spine_angle": {
      "mean": -86.53485107421875,
      "std": 28.68524169921875,
      "p10": -94.27680206298828,
      "p90": -86.29900360107422,
      "n": 171
    },
    "bone_ratio": {
      "mean": 0.6781256198883057,
      "std": 0.13982835412025452,
      "p10": 0.5779343247413635,
      "p90": 0.7736555337905884,
      "n": 158
    }
  },
  "plank": {
    "ang_elbow_max": {
      "mean": 161.5033676415795,
      "std": 27.846097781745808,
      "p10": 126.25264282226564,
      "p90": 178.44693298339845,
      "n": 263
    },
    "ang_elbow_min": {
      "mean": 146.79093688096458,
      "std": 35.699664178735816,
      "p10": 90.57952499389648,
      "p90": 173.06723022460938,
      "n": 246
    },
    "ang_shoulder_max": {
      "mean": 87.55088434110576,
      "std": 26.08204097125079,
      "p10": 61.480706787109376,
      "p90": 120.60203552246094,
      "n": 263
    },
    "ang_shoulder_min": {
      "mean": 71.2106634014822,
      "std": 21.204469085465657,
      "p10": 49.29375381469727,
      "p90": 95.55574645996096,
      "n": 259
    },
    "ang_hip_max": {
      "mean": 165.5376086635444,
      "std": 15.630781486627315,
      "p10": 147.34493713378907,
      "p90": 178.4389678955078,
      "n": 262
    },
    "ang_hip_min": {
      "mean": 152.15728214072445,
      "std": 23.652200758829686,
      "p10": 129.61907806396485,
      "p90": 170.88621520996094,
      "n": 259
    },
    "ang_knee_max": {
      "mean": 166.383674673132,
      "std": 19.547635928025848,
      "p10": 146.4639129638672,
      "p90": 179.11412048339844,
      "n": 259
    },
    "ang_knee_min": {
      "mean": 150.6370956465084,
      "std": 28.392814791671416,
      "p10": 116.52543029785156,
      "p90": 173.29229431152345,
      "n": 259
    },
    "norm_shoulder_width": {
      "mean": 0.35347825288772583,
      "std": 0.3010147511959076,
      "p10": 0.041339680552482605,
      "p90": 0.7166056632995605,
      "n": 261
    },
    "spine_angle": {
      "mean": -69.2897720336914,
      "std": 88.45198059082031,
      "p10": -170.302978515625,
      "p90": 1.9850965738296509,
      "n": 261
    },
    "bone_ratio": {
      "mean": 0.7014206051826477,
      "std": 0.20288024842739105,
      "p10": 0.5349932909011841,
      "p90": 0.8730223774909973,
      "n": 259
    }
  },
  "tree": {
    "ang_elbow_max": {
      "mean": 128.72125662766493,
      "std": 50.374934377588296,
      "p10": 50.953363037109376,
      "p90": 175.57428436279298,
      "n": 154
    },
    "ang_elbow_min": {
      "mean": 116.14752413263385,
      "std": 54.38908040213648,
      "p10": 34.89020919799805,
      "p90": 170.52056884765625,
      "n": 151
    },
    "ang_shoulder_max": {
      "mean": 118.68051318998461,
      "std": 69.10908189511794,
      "p10": 20.873647499084473,
      "p90": 178.95891571044922,
      "n": 154
    },
    "ang_shoulder_min": {
      "mean": 104.29268239665505,
      "std": 71.50465211488559,
      "p10": 10.381102561950684,
      "p90": 174.7474365234375,
      "n": 151
    },
    "ang_hip_max": {
      "mean": 174.19825110497413,
      "std": 9.348191627212252,
      "p10": 167.6210174560547,
      "p90": 179.44149780273438,
      "n": 154
    },
    "ang_hip_min": {
      "mean": 132.22187711046888,
      "std": 18.298133844569126,
      "p10": 112.8773422241211,
      "p90": 158.9078277587891,
      "n": 154
    },
    "ang_knee_max": {
      "mean": 167.17835390178206,
      "std": 14.182885696457411,
      "p10": 158.24132385253907,
      "p90": 177.0067596435547,
      "n": 153
    },
    "ang_knee_min": {
      "mean": 78.69777402690812,
      "std": 34.155577657699254,
      "p10": 46.35177993774414,
      "p90": 132.82423400878912,
      "n": 153
    },
    "norm_shoulder_width": {
      "mean": 0.6779710054397583,
      "std": 0.16408924758434296,
      "p10": 0.5186805129051208,
      "p90": 0.8984347581863403,
      "n": 154
    },
    "spine_angle": {
      "mean": -89.67955780029297,
      "std": 10.222527503967285,
      "p10": -94.84970092773438,
      "p90": -84.05757141113281,
      "n": 154
    },
    "bone_ratio": {
      "mean": 0.6400269269943237,
      "std": 0.0940585732460022,
      "p10": 0.5471569299697876,
      "p90": 0.7704170942306519,
      "n": 153
    }
  },
  "warrior2": {
    "ang_elbow_max": {
      "mean": 173.08134693314273,
      "std": 9.15545122497634,
      "p10": 167.81302490234376,