{
  "downdog": {
    "ang_L_elbow": {
      "mean": 0.8053483801875531,
      "std": 0.1852024246319549,
      "p10": 0.5791451930999756,
      "p90": 0.9800003170967102,
      "n": 2232
    },
    "ang_R_elbow": {
      "mean": 0.7837077781358617,
      "std": 0.18139153204029787,
      "p10": 0.5616372227668762,
      "p90": 0.968902051448822,
      "n": 2223
    },
    "ang_L_shoulder": {
      "mean": 0.605493174695275,
      "std": 0.28129743091989307,
      "p10": 0.1588597446680069,
      "p90": 0.9396332502365112,
      "n": 2210
    },
    "ang_R_shoulder": {
      "mean": 0.6067272745346717,
      "std": 0.26634689508520787,
      "p10": 0.1623632609844207,
      "p90": 0.916998028755188,
      "n": 2201
    },
    "ang_L_hip": {
      "mean": 0.5259331433814677,
      "std": 0.27737710916963554,
      "p10": 0.1252166479825973,
      "p90": 0.8946932554244995,
      "n": 2210
    },
    "ang_R_hip": {
      "mean": 0.5826146460770003,
      "std": 0.2812566622061196,
      "p10": 0.145498588681221,
      "p90": 0.9143233299255372,
      "n": 2201
    },
    "ang_L_knee": {
      "mean": 0.7105171419511553,
      "std": 0.23654995701106157,
      "p10": 0.3531807065010071,
      "p90": 0.9744713187217713,
      "n": 2210
    },
    "ang_R_knee": {
      "mean": 0.7050711455806136,
      "std": 0.24766413971778956,
      "p10": 0.3467454612255096,
      "p90": 0.9754536747932434,
      "n": 2201
    }
  },
  "goddess": {
    "ang_L_elbow": {
      "mean": 0.615421753116073,
      "std": 0.23092786296714268,
      "p10": 0.3020857572555542,
      "p90": 0.927544891834259,
      "n": 1925
    },
    "ang_R_elbow": {
      "mean": 0.6201335948185585,
      "std": 0.24672625098132073,
      "p10": 0.2767484486103058,
      "p90": 0.9318608641624452,
      "n": 1925
    },
    "ang_L_shoulder": {
      "mean": 0.40392612973699804,
      "std": 0.24606111424604402,
      "p10": 0.1036184281110763,
      "p90": 0.7682638168334961,
      "n": 1925
    },
    "ang_R_shoulder": {
      "mean": 0.3836966803236925,
      "std": 0.25598610369765273,
      "p10": 0.0781858712434768,
      "p90": 0.7951748967170715,
      "n": 1925
    },
    "ang_L_hip": {
      "mean": 0.6690414677424864,
      "std": 0.15452838813157804,
      "p10": 0.508507490158081,
      "p90": 0.8960585594177246,
      "n": 1925
    },
    "ang_R_hip": {
      "mean": 0.6627609665827318,
      "std": 0.15261663441088946,
      "p10": 0.4987731337547302,
      "p90": 0.8627138137817386,
      "n": 1925
    },
    "ang_L_knee": {
      "mean": 0.7344112463043881,
      "std": 0.14906280623296303,
      "p10": 0.5889603137969971,
      "p90": 0.9251445531845092,
      "n": 1925
    },
    "ang_R_knee": {
      "mean": 0.7618517078285093,
      "std": 0.14826629078765893,
      "p10": 0.6153399348258972,
      "p90": 0.9435832500457764,
      "n": 1925
    }
  },
  "plank": {
    "ang_L_elbow": {
      "mean": 0.8182472270106232,
      "std": 0.19406250777343717,
      "p10": 0.5663005709648132,
      "p90": 0.9693459272384644,
      "n": 2851
    },
    "ang_R_elbow": {
      "mean": 0.8147175782059867,
      "std": 0.1719952197458778,
      "p10": 0.6081734299659729,
      "p90": 0.9566293358802797,
      "n": 2869
    },
    "ang_L_shoulder": {
      "mean": 0.402849248176728,
      "std": 0.15393411391879383,
      "p10": 0.2359761297702789,
      "p90": 0.5954684019088745,
      "n": 2871
    },
    "ang_R_shoulder": {
      "mean": 0.3949971007295433,
      "std": 0.13674337073180912,
      "p10": 0.2460178136825561,
      "p90": 0.5479767918586731,
      "n": 2871
    },
    "ang_L_hip": {
      "mean": 0.8778276669788614,
      "std": 0.15009969340448068,
      "p10": 0.7716909646987915,
      "p90": 0.9842413067817688,
      "n": 2871
    },
    "ang_R_hip": {
      "mean": 0.8624807270201593,
      "std": 0.16071114674456805,
      "p10": 0.7186082005500793,
      "p90": 0.9803167581558228,
      "n": 2871
    },
    "ang_L_knee": {
      "mean": 0.8925601842380783,
      "std": 0.13304186527549358,
      "p10": 0.8001322150230408,
      "p90": 0.986541509628296,
      "n": 2871
    },
    "ang_R_knee": {
      "mean": 0.8905379329498264,
      "std": 0.12605727775142536,
      "p10": 0.8033377528190613,
      "p90": 0.9867650270462036,
      "n": 2871
    }
  },
  "tree": {
    "ang_L_elbow": {
      "mean": 0.6825612674796032,
      "std": 0.2744232727594016,
      "p10": 0.2626384198665619,
      "p90": 0.9616584777832032,
      "n": 1694
    },
    "ang_R_elbow": {
      "mean": 0.6818115741471895,
      "std": 0.272628990525963,
      "p10": 0.2597197890281677,
      "p90": 0.9785515666007996,
      "n": 1694
    },
    "ang_L_shoulder": {
      "mean": 0.5881345030050568,
      "std": 0.3796211605942687,
      "p10": 0.0769941210746765,
      "p90": 0.963522493839264,
      "n": 1694
    },
    "ang_R_shoulder": {
      "mean": 0.5832753506787489,
      "std": 0.39014952114046625,
      "p10": 0.0498275607824325,
      "p90": 0.9639644026756288,
      "n": 1694
    },
    "ang_L_hip": {
      "mean": 0.8723161944321224,
      "std": 0.11746446970383906,
      "p10": 0.6941515922546387,
      "p90": 0.9889549016952516,
      "n": 1694
    },
    "ang_R_hip": {
      "mean": 0.8322570788395869,
      "std": 0.12825022721865503,
      "p10": 0.6410715579986572,
      "p90": 0.9760094285011292,
      "n": 1694
    },
    "ang_L_knee": {
      "mean": 0.755961778506619,
      "std": 0.1944711810223784,
      "p10": 0.4509249031543731,
      "p90": 0.9659245610237122,
      "n": 1694
    },
    "ang_R_knee": {
      "mean": 0.7049327913447423,
      "std": 0.20039894106898604,
      "p10": 0.3904177844524383,
      "p90": 0.9553015828132628,
      "n": 1694
    }
  },
  "warrior2": {
    "ang_L_elbow": {
      "mean": 0.906759400790388,
      "std": 0.11714659227442624,
      "p10": 0.8218078494071961,
      "p90": 0.9846211731433869,
      "n": 2750
    },
    "ang_R_elbow": {
      "mean": 0.9290039097016508,
      "std": 0.08977035047853352,
      "p10": 0.8724027276039124,
      "p90": 0.9906527996063232,
      "n": 2750
    },
    "ang_L_shoulder": {
      "mean": 0.541308472652327,
      "std": 0.1782945662354976,
      "p10": 0.3918403685092926,
      "p90": 0.8587606549263,
      "n": 2750
    },
    "ang_R_shoulder": {
      "mean": 0.5585475190613758,
      "std": 0.1776992255290741,
      "p10": 0.4206840991973877,
      "p90": 0.8606411218643188,
      "n": 2750
    },
    "ang_L_hip": {
      "mean": 0.6969538160345771,
      "std": 0.09641953353494542,
      "p10": 0.5944952964782715,
      "p90": 0.8103500604629517,
      "n": 2750
    },
    "ang_R_hip": {
      "mean": 0.706665619394996,
      "std": 0.09391628281960962,
      "p10": 0.5920385718345642,
      "p90": 0.8241848349571228,
      "n": 2750
    },
    "ang_L_knee": {
      "mean": 0.8601976848347045,
      "std": 0.11519682087062927,
      "p10": 0.6901370286941528,
      "p90": 0.9796183109283448,
      "n": 2748
    },
    "ang_R_knee": {
      "mean": 0.8280161921357934,
      "std": 0.12294010321807843,
      "p10": 0.6743656396865845,
      "p90": 0.9813469648361206,
      "n": 2730
    }
  }
}