{
  "downdog": {
    "ang_elbow_max": {
      "mean": 166.0109889464971,
      "std": 13.873528706564588,
      "p10": 146.98836975097657,
      "p90": 178.5608367919922,
      "n": 169
    },
    "ang_elbow_min": {
      "mean": 149.3119498299552,
      "std": 24.304224663643375,
      "p10": 120.08166046142578,
      "p90": 171.2529296875,
      "n": 143
    },
    "ang_shoulder_max": {
      "mean": 143.93032981327602,
      "std": 44.97344148875602,
      "p10": 64.24849777221681,
      "p90": 176.86719665527343,
      "n": 175
    },
    "ang_shoulder_min": {
      "mean": 128.6400149894866,
      "std": 47.02527885629111,
      "p10": 51.63344955444336,
      "p90": 169.86219787597656,
      "n": 151
    },
    "ang_hip_max": {
      "mean": 116.7006435003437,
      "std": 42.56555175237995,
      "p10": 57.615606689453124,
      "p90": 171.28515930175783,
      "n": 183
    },
    "ang_hip_min": {
      "mean": 100.13313150698421,
      "std": 43.70276132955068,
      "p10": 33.02775573730469,
      "p90": 154.11859436035155,
      "n": 163
    },
    "ang_knee_max": {
      "mean": 136.59633747654257,
      "std": 40.29880135677881,
      "p10": 73.9113510131836,
      "p90": 176.40195922851564,
      "n": 193
    },
    "ang_knee_min": {
      "mean": 114.90235375713658,
      "std": 51.68293710948038,
      "p10": 34.72378463745118,
      "p90": 169.95179748535156,
      "n": 185
    },
    "norm_shoulder_width": {
      "mean": 0.44381076097488403,
      "std": 0.7796530723571777,
      "p10": 0.0805896669626236,
      "p90": 0.7890608906745911,
      "n": 163
    },
    "spine_angle": {
      "mean": 69.13277435302734,
      "std": 88.62503051757812,
      "p10": -86.71556091308594,
      "p90": 154.51242065429688,
      "n": 163
    },
    "bone_ratio": {
      "mean": 0.5588575005531311,
      "std": 0.2650853097438812,
      "p10": 0.23565275967121124,
      "p90": 0.841454267501831,
      "n": 154
    }
  },
  "goddess": {
    "ang_elbow_max": {
      "mean": 121.98634169822516,
      "std": 40.5885727331937,
      "p10": 59.20424575805664,
      "p90": 173.34683990478516,
      "n": 172
    },
    "ang_elbow_min": {
      "mean": 105.11777343457206,
      "std": 46.59187861189448,
      "p10": 32.10466003417969,
      "p90": 163.03330993652344,
      "n": 171
    },
    "ang_shoulder_max": {
      "mean": 79.87358147598977,
      "std": 48.343533131524474,
      "p10": 17.835124015808105,
      "p90": 152.77417449951176,
      "n": 172
    },
    "ang_shoulder_min": {
      "mean": 69.6189733149364,
      "std": 47.578280389134854,
      "p10": 12.252902030944824,
      "p90": 132.59564208984375,
      "n": 171
    },
    "ang_hip_max": {
      "mean": 123.45458802722749,
      "std": 23.50684531371184,
      "p10": 101.0484245300293,
      "p90": 155.73103637695314,
      "n": 168
    },
    "ang_hip_min": {
      "mean": 111.3445171967238,
      "std": 22.18767379162845,
      "p10": 88.94026184082031,
      "p90": 135.02605590820312,
      "n": 167
    },
    "ang_knee_max": {
      "mean": 132.23524861365743,
      "std": 26.304051535459998,
      "p10": 105.5130111694336,
      "p90": 162.91229553222658,
      "n": 159
    },
    "ang_knee_min": {
      "mean": 118.08336745636373,
      "std": 24.69678927552532,
      "p10": 94.01166610717775,
      "p90": 138.8443328857422,
      "n": 158
    },
    "norm_shoulder_width": {
      "mean": 0.7672395706176758,
      "std": 0.2904280126094818,
      "p10": 0.49970299005508423,
      "p90": 0.9259025454521179,
      "n": 171
    },
    "spine_angle": {
      "mean": -86.53485107421875,
      "std": 28.685239791870117,
      "p10": -94.2768325805664,
      "p90": -86.29900360107422,
      "n": 171
    },
    "bone_ratio": {
      "mean": 0.6781256198883057,
      "std": 0.1398283690214157,
      "p10": 0.5779342651367188,
      "p90": 0.7736555337905884,
      "n": 158
    }
  },
  "plank": {
    "ang_elbow_max": {
      "mean": 161.50337588016524,
      "std": 27.846114069677142,
      "p10": 126.25259704589845,
      "p90": 178.4469757080078,
      "n": 263
    },
    "ang_elbow_min": {
      "mean": 146.79094023045485,
      "std": 35.69967112802061,
      "p10": 90.57949829101562,
      "p90": 173.06723022460938,
      "n": 246
    },
    "ang_shoulder_max": {
      "mean": 87.5508864297613,
      "std": 26.082037542122155,
      "p10": 61.48070373535156,
      "p90": 120.60211944580078,
      "n": 263
    },
    "ang_shoulder_min": {
      "mean": 71.21065991449541,
      "std": 21.20446822975633,
      "p10": 49.29373397827149,
      "p90": 95.55570220947267,
      "n": 259
    },
    "ang_hip_max": {
      "mean": 165.53758991037617,
      "std": 15.630770800491456,
      "p10": 147.34493713378907,
      "p90": 178.43874816894532,
      "n": 262
    },
    "ang_hip_min": {
      "mean": 152.1572739277107,
      "std": 23.65219914194952,
      "p10": 129.61903381347656,
      "p90": 170.88623046875,
      "n": 259
    },
    "ang_knee_max": {
      "mean": 166.383685623817,
      "std": 19.547659014469453,
      "p10": 146.4639129638672,
      "p90": 179.1143035888672,
      "n": 259
    },
    "ang_knee_min": {
      "mean": 150.6370926345177,
      "std": 28.392817118162057,
      "p10": 116.52531127929687,
      "p90": 173.2922332763672,
      "n": 259
    },
    "norm_shoulder_width": {
      "mean": 0.35347825288772583,
      "std": 0.30101466178894043,
      "p10": 0.04133984446525574,
      "p90": 0.7166056036949158,
      "n": 261
    },
    "spine_angle": {
      "mean": -69.2897720336914,
      "std": 88.45198822021484,
      "p10": -170.30299377441406,
      "p90": 1.9850965738296509,
      "n": 261
    },
    "bone_ratio": {
      "mean": 0.7014206051826477,
      "std": 0.2028801441192627,
      "p10": 0.5349932909011841,
      "p90": 0.8730221390724182,
      "n": 259
    }
  },
  "tree": {
    "ang_elbow_max": {
      "mean": 128.72138518791695,
      "std": 50.37506023233483,
      "p10": 50.95333290100098,
      "p90": 175.57414703369142,
      "n": 154
    },
    "ang_elbow_min": {
      "mean": 116.14751931689433,
      "std": 54.3890740044008,
      "p10": 34.890193939208984,
      "p90": 170.5206298828125,
      "n": 151
    },
    "ang_shoulder_max": {
      "mean": 118.68051404457587,
      "std": 69.10907736779998,
      "p10": 20.87365550994873,
      "p90": 178.95891571044922,
      "n": 154
    },
    "ang_shoulder_min": {
      "mean": 104.29268082561872,
      "std": 71.50465022425345,
      "p10": 10.381139755249023,
      "p90": 174.7474365234375,
      "n": 151
    },
    "ang_hip_max": {
      "mean": 174.1981311154056,
      "std": 9.348121490934966,
      "p10": 167.62107849121094,
      "p90": 179.44081115722656,
      "n": 154
    },
    "ang_hip_min": {
      "mean": 132.2218758719308,
      "std": 18.29813418856177,
      "p10": 112.8773323059082,
      "p90": 158.90781402587893,
      "n": 154
    },
    "ang_knee_max": {
      "mean": 167.17833829393575,
      "std": 14.182854792737837,
      "p10": 158.24126586914062,
      "p90": 177.00669860839844,
      "n": 153
    },
    "ang_knee_min": {
      "mean": 78.69777759227877,
      "std": 34.15558057133554,
      "p10": 46.351783752441406,
      "p90": 132.8242065429688,
      "n": 153
    },
    "norm_shoulder_width": {
      "mean": 0.6779710650444031,
      "std": 0.16408926248550415,
      "p10": 0.5186804533004761,
      "p90": 0.898434579372406,
      "n": 154
    },
    "spine_angle": {
      "mean": -89.67955017089844,
      "std": 10.222528457641602,
      "p10": -94.84967803955078,
      "p90": -84.05760192871094,
      "n": 154
    },
    "bone_ratio": {
      "mean": 0.6400269269943237,
      "std": 0.0940585806965828,
      "p10": 0.5471568703651428,
      "p90": 0.7704169750213623,
      "n": 153
    }
  },
  "warrior2": {
    "ang_elbow_max": {
      "mean": 173.0813205519833,
      "std": 9.155433891811551,
      "p10": 167.8131103515625,